Token Name,Funding Rate,Open Interest (in token),Protocol,timestamp
BTC,0.004578,40.48052,Hyperliquid,1699442793
ETH,0.00125,507.2675,Hyperliquid,1699442793
ATOM,0.001653,13735.3,Hyperliquid,1699442793
MATIC,0.003992,99736.3,Hyperliquid,1699442793
DYDX,0.011569,70630.3,Hyperliquid,1699442793
SOL,0.010998,20176.53,Hyperliquid,1699442793
AVAX,0.00125,4374.01,Hyperliquid,1699442793
BNB,0.002383,328.567,Hyperliquid,1699442793
APE,0.007394,155155.3,Hyperliquid,1699442793
OP,0.002746,31010.4,Hyperliquid,1699442793
LTC,0.003838,192.44,Hyperliquid,1699442793
ARB,0.007819,618072.0,Hyperliquid,1699442793
DOGE,0.010411,1498116.0,Hyperliquid,1699442793
INJ,0.005679,8287.6,Hyperliquid,1699442793
SUI,0.025899,1103690.6,Hyperliquid,1699442793
kPEPE,0.00125,71988472.0,Hyperliquid,1699442793
CRV,-0.000991,204593.9,Hyperliquid,1699442793
LDO,0.004058,70527.2,Hyperliquid,1699442793
LINK,0.00125,26855.7,Hyperliquid,1699442793
STX,0.0157999999999999,277581.9,Hyperliquid,1699442793
RNDR,0.008673,39139.6,Hyperliquid,1699442793
CFX,0.010276,837781.0,Hyperliquid,1699442793
FTM,0.003495,592637.0,Hyperliquid,1699442793
GMX,0.004189,1240.73,Hyperliquid,1699442793
SNX,0.00125,33399.6,Hyperliquid,1699442793
XRP,0.005898,257108.0,Hyperliquid,1699442793
BCH,0.00125,199.924,Hyperliquid,1699442793
APT,0.001395,19030.43,Hyperliquid,1699442793
AAVE,0.00125,596.83,Hyperliquid,1699442793
COMP,0.002056,1084.86,Hyperliquid,1699442793
MKR,-5.1e-05,157.5461,Hyperliquid,1699442793
WLD,0.004975,78103.9,Hyperliquid,1699442793
FXS,0.004452,7303.5,Hyperliquid,1699442793
HPOS,0.038179,475889.0,Hyperliquid,1699442793
RLB,0.029386,376180.0,Hyperliquid,1699442793
UNIBOT,-0.0348959999999999,983.281,Hyperliquid,1699442793
YGG,0.01117,139292.0,Hyperliquid,1699442793
TRX,0.00125,357685.0,Hyperliquid,1699442793
kSHIB,0.001904,2040595.0,Hyperliquid,1699442793
UNI,0.009213,25396.4,Hyperliquid,1699442793
SEI,0.002555,128067.0,Hyperliquid,1699442793
RUNE,0.00125,142118.8,Hyperliquid,1699442793
OX,-0.043662,2796895.0,Hyperliquid,1699442793
FRIEND,-0.028794,5314.0,Hyperliquid,1699442793
SHIA,-0.039484,112975.0,Hyperliquid,1699442793
CYBER,0.002237,4100.1,Hyperliquid,1699442793
ZRO,-0.04654,2211.6,Hyperliquid,1699442793
BLZ,0.016305,108460.0,Hyperliquid,1699442793
DOT,0.005979,27271.5,Hyperliquid,1699442793
BANANA,0.038131,744.9,Hyperliquid,1699442793
TRB,-0.036864,956.36,Hyperliquid,1699442793
FTT,0.00125,12304.1,Hyperliquid,1699442793
LOOM,0.012023,435200.0,Hyperliquid,1699442793
OGN,0.003051,33948.0,Hyperliquid,1699442793
RDNT,-0.006853,356850.0,Hyperliquid,1699442793
ARK,0.002551,12848.0,Hyperliquid,1699442793
BNT,0.008471,16108.0,Hyperliquid,1699442793
CANTO,0.00555,65665.0,Hyperliquid,1699442793
REQ,0.001273,59351.0,Hyperliquid,1699442793
BIGTIME,-0.002404,767157.0,Hyperliquid,1699442793
KAS,0.004055,549020.0,Hyperliquid,1699442793
ORBS,0.011581,361272.0,Hyperliquid,1699442793
BLUR,0.00125,119291.0,Hyperliquid,1699442793
TIA,0.004486,54177.2,Hyperliquid,1699442793
BSV,0.004775,224.89,Hyperliquid,1699442793
ADA,0.00125,490274.0,Hyperliquid,1699442793
TON,0.027322,110176.1,Hyperliquid,1699442793
MINA,0.007351,23457.0,Hyperliquid,1699442793
POLYX,0.0130669999999999,47779.0,Hyperliquid,1699442793
GAS,0.00125,1454.4,Hyperliquid,1699442793
PENDLE,0.009366,41746.0,Hyperliquid,1699442793
STG,0.018655,288578.0,Hyperliquid,1699442793
FET,0.00125,86517.0,Hyperliquid,1699442793
STRAX,0.012226,21511.0,Hyperliquid,1699442793
NEAR,0.000571,96052.1,Hyperliquid,1699442793
MEME,0.003015,1054612.0,Hyperliquid,1699442793
ORDI,0.013362,3553.45,Hyperliquid,1699442793
BTC,0.00487,40.51082,Hyperliquid,1699443490
ETH,0.00125,493.16,Hyperliquid,1699443490
ATOM,0.00201,13733.45,Hyperliquid,1699443490
MATIC,0.004403,100336.3,Hyperliquid,1699443490
DYDX,0.01221,70630.3,Hyperliquid,1699443490
SOL,0.009666,18982.83,Hyperliquid,1699443490
AVAX,0.00125,4374.01,Hyperliquid,1699443490
BNB,0.002196,328.567,Hyperliquid,1699443490
APE,0.00796,155155.3,Hyperliquid,1699443490
OP,0.002734,31010.4,Hyperliquid,1699443490
LTC,0.0038699999999999,181.67,Hyperliquid,1699443490
ARB,0.007778,638855.5,Hyperliquid,1699443490
DOGE,0.010401,1498116.0,Hyperliquid,1699443490
INJ,0.005597,8287.6,Hyperliquid,1699443490
SUI,0.027186,1170571.5,Hyperliquid,1699443490
kPEPE,0.00125,71988472.0,Hyperliquid,1699443490
CRV,0.000312,204456.2,Hyperliquid,1699443490
LDO,0.004383,70527.2,Hyperliquid,1699443490
LINK,0.00125,26855.7,Hyperliquid,1699443490
STX,0.016242,277581.9,Hyperliquid,1699443490
RNDR,0.00944,39139.6,Hyperliquid,1699443490
CFX,0.010572,837781.0,Hyperliquid,1699443490
FTM,0.0034449999999999,592637.0,Hyperliquid,1699443490
GMX,0.003728,1240.73,Hyperliquid,1699443490
SNX,0.00125,33399.6,Hyperliquid,1699443490
XRP,0.00591,271016.0,Hyperliquid,1699443490
BCH,0.00125,199.924,Hyperliquid,1699443490
APT,0.001783,19030.43,Hyperliquid,1699443490
AAVE,0.00125,596.83,Hyperliquid,1699443490
COMP,0.003397,1084.86,Hyperliquid,1699443490
MKR,-0.000518,157.5903,Hyperliquid,1699443490
WLD,0.0051459999999999,78103.9,Hyperliquid,1699443490
FXS,0.004647,7303.5,Hyperliquid,1699443490
HPOS,0.043243,475889.0,Hyperliquid,1699443490
RLB,0.03055,382033.0,Hyperliquid,1699443490
UNIBOT,-0.060838,983.281,Hyperliquid,1699443490
YGG,0.010998,139292.0,Hyperliquid,1699443490
TRX,0.00125,357685.0,Hyperliquid,1699443490
kSHIB,0.001921,2040595.0,Hyperliquid,1699443490
UNI,0.008679,25396.4,Hyperliquid,1699443490
SEI,0.002627,127785.0,Hyperliquid,1699443490
RUNE,0.00125,142118.8,Hyperliquid,1699443490
OX,-0.034392,2795256.0,Hyperliquid,1699443490
FRIEND,-0.029279,5314.0,Hyperliquid,1699443490
SHIA,-0.038438,112975.0,Hyperliquid,1699443490
CYBER,0.001542,4100.1,Hyperliquid,1699443490
ZRO,-0.046082,2211.6,Hyperliquid,1699443490
BLZ,0.0159839999999999,108460.0,Hyperliquid,1699443490
DOT,0.0060999999999999,27271.5,Hyperliquid,1699443490
BANANA,0.021747,859.0,Hyperliquid,1699443490
TRB,-0.036484,956.36,Hyperliquid,1699443490
FTT,0.00125,12304.1,Hyperliquid,1699443490
LOOM,0.012521,435200.0,Hyperliquid,1699443490
OGN,0.003771,33948.0,Hyperliquid,1699443490
RDNT,-0.007294,356850.0,Hyperliquid,1699443490
ARK,0.002506,12848.0,Hyperliquid,1699443490
BNT,0.0079919999999999,16108.0,Hyperliquid,1699443490
CANTO,0.004882,65665.0,Hyperliquid,1699443490
REQ,0.0038989999999999,59351.0,Hyperliquid,1699443490
BIGTIME,-0.0031409999999999,767157.0,Hyperliquid,1699443490
KAS,0.0060139999999999,549020.0,Hyperliquid,1699443490
ORBS,0.011658,361272.0,Hyperliquid,1699443490
BLUR,0.00125,119291.0,Hyperliquid,1699443490
TIA,0.005131,54631.5,Hyperliquid,1699443490
BSV,0.003625,224.89,Hyperliquid,1699443490
ADA,0.00125,490274.0,Hyperliquid,1699443490
TON,0.022514,110176.1,Hyperliquid,1699443490
MINA,0.007381,23457.0,Hyperliquid,1699443490
POLYX,0.01262,47779.0,Hyperliquid,1699443490
GAS,0.00125,1454.4,Hyperliquid,1699443490
PENDLE,0.009972,41766.0,Hyperliquid,1699443490
STG,0.019072,288578.0,Hyperliquid,1699443490
FET,0.00125,86609.0,Hyperliquid,1699443490
STRAX,0.012167,21511.0,Hyperliquid,1699443490
NEAR,0.0008209999999999,101685.1,Hyperliquid,1699443490
MEME,0.003378,1054612.0,Hyperliquid,1699443490
ORDI,0.012842,3553.45,Hyperliquid,1699443490
BTC,0.005166,40.98814,Hyperliquid,1699444169
ETH,0.0017159999999999,498.16,Hyperliquid,1699444169
ATOM,0.002354,13733.45,Hyperliquid,1699444169
MATIC,0.0048059999999999,97468.7,Hyperliquid,1699444169
DYDX,0.012459,70630.3,Hyperliquid,1699444169
SOL,0.009093,18992.25,Hyperliquid,1699444169
AVAX,0.00125,4624.01,Hyperliquid,1699444169
BNB,0.002207,328.567,Hyperliquid,1699444169
APE,0.007655,155155.3,Hyperliquid,1699444169
OP,0.0029289999999999,31010.4,Hyperliquid,1699444169
LTC,0.004005,181.71,Hyperliquid,1699444169
ARB,0.0082379999999999,640669.8,Hyperliquid,1699444169
DOGE,0.010593,1498116.0,Hyperliquid,1699444169
INJ,0.005781,8287.6,Hyperliquid,1699444169
SUI,0.027535,1170571.5,Hyperliquid,1699444169
kPEPE,0.00125,74488472.0,Hyperliquid,1699444169
CRV,0.000941,204292.7,Hyperliquid,1699444169
LDO,0.0043619999999999,70517.9,Hyperliquid,1699444169
LINK,0.00125,26855.7,Hyperliquid,1699444169
STX,0.016639,277581.9,Hyperliquid,1699444169
RNDR,0.009882,39555.0,Hyperliquid,1699444169
CFX,0.010367,837781.0,Hyperliquid,1699444169
FTM,0.0033,592637.0,Hyperliquid,1699444169
GMX,0.00363,1200.79,Hyperliquid,1699444169
SNX,0.00125,33399.6,Hyperliquid,1699444169
XRP,0.005757,257108.0,Hyperliquid,1699444169
BCH,0.00125,196.727,Hyperliquid,1699444169
APT,0.002072,19030.43,Hyperliquid,1699444169
AAVE,0.00125,596.83,Hyperliquid,1699444169
COMP,0.00388,1084.86,Hyperliquid,1699444169
MKR,-8.5e-05,156.1421,Hyperliquid,1699444169
WLD,0.005015,77503.2,Hyperliquid,1699444169
FXS,0.004456,7303.5,Hyperliquid,1699444169
HPOS,0.050892,475889.0,Hyperliquid,1699444169
RLB,0.029456,382033.0,Hyperliquid,1699444169
UNIBOT,-0.0564669999999999,987.763,Hyperliquid,1699444169
YGG,0.011173,136983.0,Hyperliquid,1699444169
TRX,0.00125,357685.0,Hyperliquid,1699444169
kSHIB,0.002065,2040595.0,Hyperliquid,1699444169
UNI,0.008987,25396.4,Hyperliquid,1699444169
SEI,0.002639,127775.0,Hyperliquid,1699444169
RUNE,0.00125,142118.8,Hyperliquid,1699444169
OX,-0.027329,2795256.0,Hyperliquid,1699444169
FRIEND,-0.0294439999999999,5314.0,Hyperliquid,1699444169
SHIA,-0.051928,112975.0,Hyperliquid,1699444169
CYBER,0.002186,4100.1,Hyperliquid,1699444169
ZRO,-0.048107,2211.6,Hyperliquid,1699444169
BLZ,0.0149679999999999,108460.0,Hyperliquid,1699444169
DOT,0.006236,23240.8,Hyperliquid,1699444169
BANANA,0.014148,935.6,Hyperliquid,1699444169
TRB,-0.035312,956.36,Hyperliquid,1699444169
FTT,0.00125,12304.1,Hyperliquid,1699444169
LOOM,0.012341,435200.0,Hyperliquid,1699444169
OGN,0.00355,33948.0,Hyperliquid,1699444169
RDNT,-0.007951,356794.0,Hyperliquid,1699444169
ARK,0.002716,12848.0,Hyperliquid,1699444169
BNT,0.008182,16139.0,Hyperliquid,1699444169
CANTO,0.00487,65734.0,Hyperliquid,1699444169
REQ,0.006473,59351.0,Hyperliquid,1699444169
BIGTIME,-0.002431,767157.0,Hyperliquid,1699444169
KAS,0.004821,549020.0,Hyperliquid,1699444169
ORBS,0.011706,361272.0,Hyperliquid,1699444169
BLUR,0.00125,119291.0,Hyperliquid,1699444169
TIA,0.005234,55055.7,Hyperliquid,1699444169
BSV,0.003986,224.89,Hyperliquid,1699444169
ADA,0.001341,490274.0,Hyperliquid,1699444169
TON,0.020345,110176.1,Hyperliquid,1699444169
MINA,0.0076359999999999,23457.0,Hyperliquid,1699444169
POLYX,0.011946,47779.0,Hyperliquid,1699444169
GAS,0.00125,1347.5,Hyperliquid,1699444169
PENDLE,0.009598,41766.0,Hyperliquid,1699444169
STG,0.019247,288578.0,Hyperliquid,1699444169
FET,0.00125,86658.0,Hyperliquid,1699444169
STRAX,0.012284,21511.0,Hyperliquid,1699444169
NEAR,0.000906,101685.1,Hyperliquid,1699444169
MEME,0.003494,1124763.0,Hyperliquid,1699444169
ORDI,0.012889,3553.45,Hyperliquid,1699444169
BTC,0.00536,39.01659,Hyperliquid,1699445344
ETH,0.002256,498.197,Hyperliquid,1699445344
ATOM,0.0019349999999999,13733.45,Hyperliquid,1699445344
MATIC,0.004997,97468.7,Hyperliquid,1699445344
DYDX,0.0154549999999999,70624.1,Hyperliquid,1699445344
SOL,0.007166,18989.85,Hyperliquid,1699445344
AVAX,0.00125,4674.01,Hyperliquid,1699445344
BNB,0.00125,328.567,Hyperliquid,1699445344
APE,0.007474,155155.3,Hyperliquid,1699445344
OP,0.002233,31010.4,Hyperliquid,1699445344
LTC,0.003381,181.86,Hyperliquid,1699445344
ARB,0.009188,671115.3,Hyperliquid,1699445344
DOGE,0.010043,1498116.0,Hyperliquid,1699445344
INJ,0.007623,8458.6,Hyperliquid,1699445344
SUI,0.032158,1170700.0,Hyperliquid,1699445344
kPEPE,0.00125,74488472.0,Hyperliquid,1699445344
CRV,0.00125,204517.1,Hyperliquid,1699445344
LDO,0.005286,70314.6,Hyperliquid,1699445344
LINK,0.00125,28807.0,Hyperliquid,1699445344
STX,0.018204,277581.9,Hyperliquid,1699445344
RNDR,0.011429,39555.0,Hyperliquid,1699445344
CFX,0.012254,816923.0,Hyperliquid,1699445344
FTM,0.003214,592637.0,Hyperliquid,1699445344
GMX,0.00125,1200.79,Hyperliquid,1699445344
SNX,0.001475,33399.6,Hyperliquid,1699445344
XRP,0.007762,257108.0,Hyperliquid,1699445344
BCH,0.00125,196.727,Hyperliquid,1699445344
APT,0.00125,19030.43,Hyperliquid,1699445344
AAVE,0.00125,596.83,Hyperliquid,1699445344
COMP,0.005435,1084.3,Hyperliquid,1699445344
MKR,0.00125,156.1518,Hyperliquid,1699445344
WLD,0.005276,77503.2,Hyperliquid,1699445344
FXS,0.00513,7374.8,Hyperliquid,1699445344
HPOS,0.152386,437840.0,Hyperliquid,1699445344
RLB,0.024622,382033.0,Hyperliquid,1699445344
UNIBOT,-0.020683,987.763,Hyperliquid,1699445344
YGG,0.010217,137286.0,Hyperliquid,1699445344
TRX,0.00125,357685.0,Hyperliquid,1699445344
kSHIB,0.001374,2040595.0,Hyperliquid,1699445344
UNI,0.012328,25396.4,Hyperliquid,1699445344
SEI,0.002038,127775.0,Hyperliquid,1699445344
RUNE,0.00125,133431.2,Hyperliquid,1699445344
OX,-0.031564,2795256.0,Hyperliquid,1699445344
FRIEND,-0.035867,5314.0,Hyperliquid,1699445344
SHIA,-0.016581,112975.0,Hyperliquid,1699445344
CYBER,0.004026,4100.1,Hyperliquid,1699445344
ZRO,-0.057961,2214.2,Hyperliquid,1699445344
BLZ,0.010408,108460.0,Hyperliquid,1699445344
DOT,0.006234,23246.2,Hyperliquid,1699445344
BANANA,0.00125,1117.5,Hyperliquid,1699445344
TRB,-0.041661,959.23,Hyperliquid,1699445344
FTT,0.001908,12304.1,Hyperliquid,1699445344
LOOM,0.010662,435200.0,Hyperliquid,1699445344
OGN,0.004098,33948.0,Hyperliquid,1699445344
RDNT,-0.0110569999999999,356857.0,Hyperliquid,1699445344
ARK,0.002887,12848.0,Hyperliquid,1699445344
BNT,0.007937,16257.0,Hyperliquid,1699445344
CANTO,0.00125,65746.0,Hyperliquid,1699445344
REQ,0.0065549999999999,59351.0,Hyperliquid,1699445344
BIGTIME,0.00125,767157.0,Hyperliquid,1699445344
KAS,0.012302,549020.0,Hyperliquid,1699445344
ORBS,0.008557,361272.0,Hyperliquid,1699445344
BLUR,0.00125,119291.0,Hyperliquid,1699445344
TIA,0.003773,57075.3,Hyperliquid,1699445344
BSV,0.00139,224.89,Hyperliquid,1699445344
ADA,0.00125,490274.0,Hyperliquid,1699445344
TON,0.014049,110170.9,Hyperliquid,1699445344
MINA,0.009577,33023.0,Hyperliquid,1699445344
POLYX,0.004421,47706.0,Hyperliquid,1699445344
GAS,0.00125,1347.5,Hyperliquid,1699445344
PENDLE,0.004987,41534.0,Hyperliquid,1699445344
STG,0.0193549999999999,293143.0,Hyperliquid,1699445344
FET,0.00125,86820.0,Hyperliquid,1699445344
STRAX,0.006436,21511.0,Hyperliquid,1699445344
NEAR,0.00125,101685.1,Hyperliquid,1699445344
MEME,0.00125,1124763.0,Hyperliquid,1699445344
ORDI,0.007545,3361.06,Hyperliquid,1699445344
BTC,0.004689,35.25495,Hyperliquid,1699447335
ETH,0.002044,498.2822,Hyperliquid,1699447335
ATOM,0.002155,13733.45,Hyperliquid,1699447335
MATIC,0.005559,103711.4,Hyperliquid,1699447335
DYDX,0.01666,70610.3,Hyperliquid,1699447335
SOL,0.006369,23571.64,Hyperliquid,1699447335
AVAX,0.003377,4674.01,Hyperliquid,1699447335
BNB,0.0015069999999999,328.567,Hyperliquid,1699447335
APE,0.008333,155155.3,Hyperliquid,1699447335
OP,0.002423,31010.4,Hyperliquid,1699447335
LTC,0.003889,182.26,Hyperliquid,1699447335
ARB,0.010686,671068.6,Hyperliquid,1699447335
DOGE,0.009934,1498958.0,Hyperliquid,1699447335
INJ,0.007983,8473.7,Hyperliquid,1699447335
SUI,0.021692,451054.9,Hyperliquid,1699447335
kPEPE,0.003489,74488472.0,Hyperliquid,1699447335
CRV,0.00125,204572.1,Hyperliquid,1699447335
LDO,0.005937,70314.6,Hyperliquid,1699447335
LINK,0.00125,29046.6,Hyperliquid,1699447335
STX,0.019253,277581.9,Hyperliquid,1699447335
RNDR,0.010681,39555.0,Hyperliquid,1699447335
CFX,0.011174,874043.0,Hyperliquid,1699447335
FTM,0.002148,437006.0,Hyperliquid,1699447335
GMX,0.00245,1200.79,Hyperliquid,1699447335
SNX,0.002592,33399.6,Hyperliquid,1699447335
XRP,0.0082639999999999,257108.0,Hyperliquid,1699447335
BCH,0.00125,196.727,Hyperliquid,1699447335
APT,0.00125,19030.43,Hyperliquid,1699447335
AAVE,0.00125,596.83,Hyperliquid,1699447335
COMP,0.005076,1083.99,Hyperliquid,1699447335
MKR,0.00125,156.1518,Hyperliquid,1699447335
WLD,0.006294,77503.2,Hyperliquid,1699447335
FXS,0.0064449999999999,7547.0,Hyperliquid,1699447335
HPOS,0.062566,437840.0,Hyperliquid,1699447335
RLB,0.024856,344363.0,Hyperliquid,1699447335
UNIBOT,-0.021693,993.763,Hyperliquid,1699447335
YGG,0.010346,99557.0,Hyperliquid,1699447335
TRX,0.00125,357685.0,Hyperliquid,1699447335
kSHIB,0.002305,2040595.0,Hyperliquid,1699447335
UNI,0.012048,25896.4,Hyperliquid,1699447335
SEI,0.004283,131349.0,Hyperliquid,1699447335
RUNE,0.001276,133017.9,Hyperliquid,1699447335
OX,-0.017816,2798573.0,Hyperliquid,1699447335
FRIEND,-0.034412,5314.0,Hyperliquid,1699447335
SHIA,-0.03635,112975.0,Hyperliquid,1699447335
CYBER,0.004542,4100.1,Hyperliquid,1699447335
ZRO,-0.056088,2214.2,Hyperliquid,1699447335
BLZ,0.009666,108573.0,Hyperliquid,1699447335
DOT,0.0065439999999999,23246.2,Hyperliquid,1699447335
BANANA,-0.001596,1331.7,Hyperliquid,1699447335
TRB,-0.055228,959.62,Hyperliquid,1699447335
FTT,0.00125,12304.1,Hyperliquid,1699447335
LOOM,0.010069,435200.0,Hyperliquid,1699447335
OGN,0.004572,33948.0,Hyperliquid,1699447335
RDNT,-0.013634,356857.0,Hyperliquid,1699447335
ARK,0.003681,12848.0,Hyperliquid,1699447335
BNT,0.0092509999999999,16322.0,Hyperliquid,1699447335
CANTO,0.00162,65665.0,Hyperliquid,1699447335
REQ,0.005377,59351.0,Hyperliquid,1699447335
BIGTIME,9.1e-05,767157.0,Hyperliquid,1699447335
KAS,0.00905,549708.0,Hyperliquid,1699447335
ORBS,0.009139,387482.0,Hyperliquid,1699447335
BLUR,0.00125,116542.0,Hyperliquid,1699447335
TIA,0.010359,67349.3,Hyperliquid,1699447335
BSV,0.002904,224.89,Hyperliquid,1699447335
ADA,0.0025599999999999,489212.0,Hyperliquid,1699447335
TON,0.013784,110170.9,Hyperliquid,1699447335
MINA,0.009441,32881.0,Hyperliquid,1699447335
POLYX,0.006406,47706.0,Hyperliquid,1699447335
GAS,0.00125,1346.5,Hyperliquid,1699447335
PENDLE,0.006317,41553.0,Hyperliquid,1699447335
STG,0.019806,288368.0,Hyperliquid,1699447335
FET,0.00125,88415.0,Hyperliquid,1699447335
STRAX,0.00917,21511.0,Hyperliquid,1699447335
NEAR,0.00125,100033.8,Hyperliquid,1699447335
MEME,0.0046159999999999,1132121.0,Hyperliquid,1699447335
ORDI,0.009465,1537.59,Hyperliquid,1699447335
BTC,0.003137,35.23285,Hyperliquid,1699448397
ETH,0.001887,503.4694,Hyperliquid,1699448397
ATOM,0.0024029999999999,13733.45,Hyperliquid,1699448397
MATIC,0.0062429999999999,97136.8,Hyperliquid,1699448397
DYDX,0.019788,74658.9,Hyperliquid,1699448397
SOL,0.010644,18411.48,Hyperliquid,1699448397
AVAX,0.00125,4674.01,Hyperliquid,1699448397
BNB,0.002092,312.563,Hyperliquid,1699448397
APE,0.0110359999999999,155155.3,Hyperliquid,1699448397
OP,0.004046,31010.4,Hyperliquid,1699448397
LTC,0.005783,182.26,Hyperliquid,1699448397
ARB,0.009666,670854.6,Hyperliquid,1699448397
DOGE,0.010718,1498958.0,Hyperliquid,1699448397
INJ,0.00897,8474.3,Hyperliquid,1699448397
SUI,0.00125,431691.0,Hyperliquid,1699448397
kPEPE,0.0124559999999999,71948661.0,Hyperliquid,1699448397
CRV,0.00125,204333.3,Hyperliquid,1699448397
LDO,0.003002,70314.6,Hyperliquid,1699448397
LINK,0.00125,29046.6,Hyperliquid,1699448397
STX,0.019528,277581.9,Hyperliquid,1699448397
RNDR,0.009874,39555.0,Hyperliquid,1699448397
CFX,0.010947,875174.0,Hyperliquid,1699448397
FTM,0.00125,437006.0,Hyperliquid,1699448397
GMX,0.00015,1200.79,Hyperliquid,1699448397
SNX,0.002605,33399.6,Hyperliquid,1699448397
XRP,0.010463,255509.0,Hyperliquid,1699448397
BCH,0.00125,196.727,Hyperliquid,1699448397
APT,0.003194,19030.43,Hyperliquid,1699448397
AAVE,0.00125,596.83,Hyperliquid,1699448397
COMP,0.007723,1081.7,Hyperliquid,1699448397
MKR,0.00125,156.1518,Hyperliquid,1699448397
WLD,0.008065,77503.2,Hyperliquid,1699448397
FXS,0.00642,7551.6,Hyperliquid,1699448397
HPOS,0.043027,437840.0,Hyperliquid,1699448397
RLB,0.019552,344363.0,Hyperliquid,1699448397
UNIBOT,-0.02002,993.763,Hyperliquid,1699448397
YGG,0.010616,99557.0,Hyperliquid,1699448397
TRX,0.00125,357685.0,Hyperliquid,1699448397
kSHIB,0.00125,2040595.0,Hyperliquid,1699448397
UNI,0.0064259999999999,26396.4,Hyperliquid,1699448397
SEI,-0.0007019999999999,132503.0,Hyperliquid,1699448397
RUNE,0.0085539999999999,133014.7,Hyperliquid,1699448397
OX,-0.023457,2798573.0,Hyperliquid,1699448397
FRIEND,-0.031259,5314.0,Hyperliquid,1699448397
SHIA,-0.039341,113121.0,Hyperliquid,1699448397
CYBER,0.00125,4100.1,Hyperliquid,1699448397
ZRO,-0.054832,2214.2,Hyperliquid,1699448397
BLZ,0.014884,108573.0,Hyperliquid,1699448397
DOT,0.007494,25406.1,Hyperliquid,1699448397
BANANA,0.017342,1345.6,Hyperliquid,1699448397
TRB,-0.090779,960.6,Hyperliquid,1699448397
FTT,0.002043,13304.1,Hyperliquid,1699448397
LOOM,0.005844,435200.0,Hyperliquid,1699448397
OGN,0.0084599999999999,33948.0,Hyperliquid,1699448397
RDNT,-0.014213,357295.0,Hyperliquid,1699448397
ARK,0.007001,12848.0,Hyperliquid,1699448397
BNT,0.004816,16350.0,Hyperliquid,1699448397
CANTO,0.004503,65820.0,Hyperliquid,1699448397
REQ,0.016569,59351.0,Hyperliquid,1699448397
BIGTIME,-0.000493,767157.0,Hyperliquid,1699448397
KAS,0.00125,549708.0,Hyperliquid,1699448397
ORBS,0.012679,389081.0,Hyperliquid,1699448397
BLUR,0.0016209999999999,116542.0,Hyperliquid,1699448397
TIA,0.013375,64750.1,Hyperliquid,1699448397
BSV,0.006294,224.89,Hyperliquid,1699448397
ADA,0.003823,489212.0,Hyperliquid,1699448397
TON,0.03141,110170.9,Hyperliquid,1699448397
MINA,0.013254,32759.0,Hyperliquid,1699448397
POLYX,0.008738,47706.0,Hyperliquid,1699448397
GAS,0.0050349999999999,1341.5,Hyperliquid,1699448397
PENDLE,0.003269,41570.0,Hyperliquid,1699448397
STG,0.021861,268280.0,Hyperliquid,1699448397
FET,0.001339,92661.0,Hyperliquid,1699448397
STRAX,0.00339,21511.0,Hyperliquid,1699448397
NEAR,0.0037289999999999,99997.6,Hyperliquid,1699448397
MEME,0.00766,1132121.0,Hyperliquid,1699448397
ORDI,0.009684,1537.59,Hyperliquid,1699448397
BTC,0.004257,34.6685,Hyperliquid,1699449779
ETH,0.003101,504.0893,Hyperliquid,1699449779
ATOM,0.0038729999999999,11534.66,Hyperliquid,1699449779
MATIC,0.004521,148455.1,Hyperliquid,1699449779
DYDX,0.017679,70595.0,Hyperliquid,1699449779
SOL,0.006487,18454.55,Hyperliquid,1699449779
AVAX,0.002052,4674.01,Hyperliquid,1699449779
BNB,0.002449,312.563,Hyperliquid,1699449779
APE,0.012741,155155.3,Hyperliquid,1699449779
OP,0.00125,31010.4,Hyperliquid,1699449779
LTC,0.004252,181.8,Hyperliquid,1699449779
ARB,0.0114489999999999,670866.2,Hyperliquid,1699449779
DOGE,0.010136,1498958.0,Hyperliquid,1699449779
INJ,0.00842,8597.1,Hyperliquid,1699449779
SUI,0.00125,785711.1,Hyperliquid,1699449779
kPEPE,0.004669,71948661.0,Hyperliquid,1699449779
CRV,0.00125,203853.4,Hyperliquid,1699449779
LDO,0.0061389999999999,75938.5,Hyperliquid,1699449779
LINK,0.00125,29429.7,Hyperliquid,1699449779
STX,0.0205589999999999,277581.9,Hyperliquid,1699449779
RNDR,0.012638,33070.7,Hyperliquid,1699449779
CFX,0.010747,872420.0,Hyperliquid,1699449779
FTM,0.00125,437006.0,Hyperliquid,1699449779
GMX,0.00125,1200.79,Hyperliquid,1699449779
SNX,0.00167,33399.6,Hyperliquid,1699449779
XRP,0.008829,255509.0,Hyperliquid,1699449779
BCH,0.00125,197.682,Hyperliquid,1699449779
APT,0.00125,19030.43,Hyperliquid,1699449779
AAVE,0.00125,596.83,Hyperliquid,1699449779
COMP,0.005687,1081.7,Hyperliquid,1699449779
MKR,0.00125,156.1518,Hyperliquid,1699449779
WLD,0.0064399999999999,77503.2,Hyperliquid,1699449779
FXS,0.008002,7707.1,Hyperliquid,1699449779
HPOS,0.041887,437840.0,Hyperliquid,1699449779
RLB,0.022645,344451.0,Hyperliquid,1699449779
UNIBOT,-0.021189,993.763,Hyperliquid,1699449779
YGG,0.009571,99557.0,Hyperliquid,1699449779
TRX,0.00125,357685.0,Hyperliquid,1699449779
kSHIB,0.00236,2040595.0,Hyperliquid,1699449779
UNI,0.009768,27936.4,Hyperliquid,1699449779
SEI,0.001991,125051.0,Hyperliquid,1699449779
RUNE,0.002765,133094.9,Hyperliquid,1699449779
OX,-0.018693,2797068.0,Hyperliquid,1699449779
FRIEND,-0.030164,5314.0,Hyperliquid,1699449779
SHIA,-0.03681,112975.0,Hyperliquid,1699449779
CYBER,0.003865,4100.1,Hyperliquid,1699449779
ZRO,-0.049413,2214.2,Hyperliquid,1699449779
BLZ,0.012226,108573.0,Hyperliquid,1699449779
DOT,0.006697,21608.5,Hyperliquid,1699449779
BANANA,0.020678,1347.3,Hyperliquid,1699449779
TRB,-0.089366,961.2,Hyperliquid,1699449779
FTT,0.00125,13304.1,Hyperliquid,1699449779
LOOM,0.007961,437820.0,Hyperliquid,1699449779
OGN,0.005287,33948.0,Hyperliquid,1699449779
RDNT,-0.018409,357295.0,Hyperliquid,1699449779
ARK,0.003406,12848.0,Hyperliquid,1699449779
BNT,0.008879,18493.0,Hyperliquid,1699449779
CANTO,0.006909,65867.0,Hyperliquid,1699449779
REQ,0.009864,59351.0,Hyperliquid,1699449779
BIGTIME,-0.002333,767157.0,Hyperliquid,1699449779
KAS,0.0112839999999999,549708.0,Hyperliquid,1699449779
ORBS,0.011649,437802.0,Hyperliquid,1699449779
BLUR,0.004456,116542.0,Hyperliquid,1699449779
TIA,0.011921,64790.6,Hyperliquid,1699449779
BSV,0.004725,224.89,Hyperliquid,1699449779
ADA,0.00456,489212.0,Hyperliquid,1699449779
TON,0.025101,110187.7,Hyperliquid,1699449779
MINA,0.010026,23485.0,Hyperliquid,1699449779
POLYX,0.009203,47706.0,Hyperliquid,1699449779
GAS,0.00125,1353.2,Hyperliquid,1699449779
PENDLE,0.0100959999999999,41400.0,Hyperliquid,1699449779
STG,0.020588,268280.0,Hyperliquid,1699449779
FET,0.00125,88244.0,Hyperliquid,1699449779
STRAX,0.009365,21511.0,Hyperliquid,1699449779
NEAR,0.00125,99966.0,Hyperliquid,1699449779
MEME,0.0031699999999999,1210652.0,Hyperliquid,1699449779
ORDI,0.008324,1540.52,Hyperliquid,1699449779
BTC,0.004032,34.40553,Hyperliquid,1699450492
ETH,0.003062,489.0893,Hyperliquid,1699450492
ATOM,0.003181,15045.92,Hyperliquid,1699450492
MATIC,0.005069,148359.2,Hyperliquid,1699450492
DYDX,0.016924,68585.4,Hyperliquid,1699450492
SOL,0.006538,18454.55,Hyperliquid,1699450492
AVAX,0.001789,4674.01,Hyperliquid,1699450492
BNB,0.00271,312.563,Hyperliquid,1699450492
APE,0.013139,155155.3,Hyperliquid,1699450492
OP,0.001751,31010.4,Hyperliquid,1699450492
LTC,0.00438,181.55,Hyperliquid,1699450492
ARB,0.01131,671731.2,Hyperliquid,1699450492
DOGE,0.011168,1838950.0,Hyperliquid,1699450492
INJ,0.008275,8673.5,Hyperliquid,1699450492
SUI,0.00125,785211.1,Hyperliquid,1699450492
kPEPE,0.00496,71948661.0,Hyperliquid,1699450492
CRV,0.00125,201727.3,Hyperliquid,1699450492
LDO,0.005078,75930.4,Hyperliquid,1699450492
LINK,0.00125,29879.7,Hyperliquid,1699450492
STX,0.019579,282581.9,Hyperliquid,1699450492
RNDR,0.011956,33083.9,Hyperliquid,1699450492
CFX,0.0103629999999999,872420.0,Hyperliquid,1699450492
FTM,0.00125,437006.0,Hyperliquid,1699450492
GMX,0.00125,1200.79,Hyperliquid,1699450492
SNX,0.00125,33399.6,Hyperliquid,1699450492
XRP,0.009174,255509.0,Hyperliquid,1699450492
BCH,0.00125,197.682,Hyperliquid,1699450492
APT,0.00125,19030.43,Hyperliquid,1699450492
AAVE,0.00125,596.83,Hyperliquid,1699450492
COMP,0.005621,1139.22,Hyperliquid,1699450492
MKR,0.00125,156.0241,Hyperliquid,1699450492
WLD,0.006547,87503.2,Hyperliquid,1699450492
FXS,0.007433,7707.1,Hyperliquid,1699450492
HPOS,0.044473,437840.0,Hyperliquid,1699450492
RLB,0.021524,344451.0,Hyperliquid,1699450492
UNIBOT,-0.027159,993.763,Hyperliquid,1699450492
YGG,0.010129,99557.0,Hyperliquid,1699450492
TRX,0.00125,357685.0,Hyperliquid,1699450492
kSHIB,0.002162,2040595.0,Hyperliquid,1699450492
UNI,0.010394,27936.4,Hyperliquid,1699450492
SEI,0.003321,125051.0,Hyperliquid,1699450492
RUNE,0.002267,133080.3,Hyperliquid,1699450492
OX,-0.017766,2797068.0,Hyperliquid,1699450492
FRIEND,-0.029778,5314.0,Hyperliquid,1699450492
SHIA,-0.036239,112975.0,Hyperliquid,1699450492
CYBER,0.005174,4100.1,Hyperliquid,1699450492
ZRO,-0.048701,2214.2,Hyperliquid,1699450492
BLZ,0.011719,108573.0,Hyperliquid,1699450492
DOT,0.0062559999999999,21608.5,Hyperliquid,1699450492
BANANA,0.029563,1347.3,Hyperliquid,1699450492
TRB,-0.07806,959.93,Hyperliquid,1699450492
FTT,0.001302,13304.1,Hyperliquid,1699450492
LOOM,0.0074969999999999,437820.0,Hyperliquid,1699450492
OGN,0.006396,33948.0,Hyperliquid,1699450492
RDNT,-0.020001,352735.0,Hyperliquid,1699450492
ARK,0.00356,12848.0,Hyperliquid,1699450492
BNT,0.008222,18493.0,Hyperliquid,1699450492
CANTO,0.007042,65921.0,Hyperliquid,1699450492
REQ,0.009851,59351.0,Hyperliquid,1699450492
BIGTIME,-0.0031019999999999,767157.0,Hyperliquid,1699450492
KAS,0.0128899999999999,549708.0,Hyperliquid,1699450492
ORBS,0.011451,393393.0,Hyperliquid,1699450492
BLUR,0.005476,116542.0,Hyperliquid,1699450492
TIA,0.011085,64782.7,Hyperliquid,1699450492
BSV,0.004623,224.89,Hyperliquid,1699450492
ADA,0.0049499999999999,489212.0,Hyperliquid,1699450492
TON,0.025691,112071.7,Hyperliquid,1699450492
MINA,0.010501,23485.0,Hyperliquid,1699450492
POLYX,0.009839,47706.0,Hyperliquid,1699450492
GAS,0.00125,1350.1,Hyperliquid,1699450492
PENDLE,0.010536,41400.0,Hyperliquid,1699450492
STG,0.0206839999999999,268307.0,Hyperliquid,1699450492
FET,0.00125,88193.0,Hyperliquid,1699450492
STRAX,0.009748,21511.0,Hyperliquid,1699450492
NEAR,0.00125,99932.4,Hyperliquid,1699450492
MEME,0.003741,1210652.0,Hyperliquid,1699450492
ORDI,0.009341,1601.3,Hyperliquid,1699450492
BTC,0.004085,34.36473,Hyperliquid,1699451162
ETH,0.0029649999999999,491.0522,Hyperliquid,1699451162
ATOM,0.00376,15045.92,Hyperliquid,1699451162
MATIC,0.005398,147040.9,Hyperliquid,1699451162
DYDX,0.017965,68531.0,Hyperliquid,1699451162
SOL,0.006695,18453.63,Hyperliquid,1699451162
AVAX,0.0015279999999999,4674.01,Hyperliquid,1699451162
BNB,0.00299,312.563,Hyperliquid,1699451162
APE,0.0137429999999999,155155.3,Hyperliquid,1699451162
OP,0.002183,31010.4,Hyperliquid,1699451162
LTC,0.004506,181.55,Hyperliquid,1699451162
ARB,0.0114,671731.2,Hyperliquid,1699451162
DOGE,0.0119849999999999,1839582.0,Hyperliquid,1699451162
INJ,0.008401,8671.4,Hyperliquid,1699451162
SUI,0.00125,785140.9,Hyperliquid,1699451162
kPEPE,0.005285,71948661.0,Hyperliquid,1699451162
CRV,0.00125,201539.2,Hyperliquid,1699451162
LDO,0.005318,75930.4,Hyperliquid,1699451162
LINK,0.00125,27450.6,Hyperliquid,1699451162
STX,0.019508,282581.9,Hyperliquid,1699451162
RNDR,0.011918,33083.9,Hyperliquid,1699451162
CFX,0.010857,872420.0,Hyperliquid,1699451162
FTM,0.00125,437006.0,Hyperliquid,1699451162
GMX,0.00125,1200.79,Hyperliquid,1699451162
SNX,0.00125,33399.6,Hyperliquid,1699451162
XRP,0.0093239999999999,255509.0,Hyperliquid,1699451162
BCH,0.00125,197.682,Hyperliquid,1699451162
APT,0.00125,19030.43,Hyperliquid,1699451162
AAVE,0.00125,596.83,Hyperliquid,1699451162
COMP,0.006158,1137.34,Hyperliquid,1699451162
MKR,0.00125,156.0241,Hyperliquid,1699451162
WLD,0.0068969999999999,87503.2,Hyperliquid,1699451162
FXS,0.007427,7707.1,Hyperliquid,1699451162
HPOS,0.043232,437840.0,Hyperliquid,1699451162
RLB,0.021128,344451.0,Hyperliquid,1699451162
UNIBOT,-0.026247,993.763,Hyperliquid,1699451162
YGG,0.010157,99557.0,Hyperliquid,1699451162
TRX,0.00125,357685.0,Hyperliquid,1699451162
kSHIB,0.002044,2040595.0,Hyperliquid,1699451162
UNI,0.010798,27936.4,Hyperliquid,1699451162
SEI,0.004163,124752.0,Hyperliquid,1699451162
RUNE,0.002937,133080.3,Hyperliquid,1699451162
OX,-0.020215,2792321.0,Hyperliquid,1699451162
FRIEND,-0.0302899999999999,5314.0,Hyperliquid,1699451162
SHIA,-0.036685,112975.0,Hyperliquid,1699451162
CYBER,0.005651,4100.1,Hyperliquid,1699451162
ZRO,-0.048254,2214.2,Hyperliquid,1699451162
BLZ,0.011313,110311.0,Hyperliquid,1699451162
DOT,0.005957,20500.6,Hyperliquid,1699451162
BANANA,0.020848,1331.0,Hyperliquid,1699451162
TRB,-0.064123,1025.51,Hyperliquid,1699451162
FTT,0.00125,13304.1,Hyperliquid,1699451162
LOOM,0.007885,437820.0,Hyperliquid,1699451162
OGN,0.006788,33948.0,Hyperliquid,1699451162
RDNT,-0.019612,352297.0,Hyperliquid,1699451162
ARK,0.003619,12848.0,Hyperliquid,1699451162
BNT,0.008213,18467.0,Hyperliquid,1699451162
CANTO,0.00398,65921.0,Hyperliquid,1699451162
REQ,0.008574,59351.0,Hyperliquid,1699451162
BIGTIME,-0.002879,767157.0,Hyperliquid,1699451162
KAS,0.01758,549708.0,Hyperliquid,1699451162
ORBS,0.011575,361272.0,Hyperliquid,1699451162
BLUR,0.005283,116542.0,Hyperliquid,1699451162
TIA,0.011924,64503.3,Hyperliquid,1699451162
BSV,0.005288,224.89,Hyperliquid,1699451162
ADA,0.005264,489212.0,Hyperliquid,1699451162
TON,0.028668,112071.7,Hyperliquid,1699451162
MINA,0.011144,23324.0,Hyperliquid,1699451162
POLYX,0.010231,47706.0,Hyperliquid,1699451162
GAS,0.00125,1357.7,Hyperliquid,1699451162
PENDLE,0.01116,41400.0,Hyperliquid,1699451162
STG,0.020574,269192.0,Hyperliquid,1699451162
FET,0.00125,88193.0,Hyperliquid,1699451162
STRAX,0.009911,21511.0,Hyperliquid,1699451162
NEAR,0.00125,99919.6,Hyperliquid,1699451162
MEME,0.004154,1204139.0,Hyperliquid,1699451162
ORDI,0.0100989999999999,1601.3,Hyperliquid,1699451162
BTC,0.004184,34.53839,Hyperliquid,1699451826
ETH,0.003109,496.1701,Hyperliquid,1699451826
ATOM,0.004197,11534.4,Hyperliquid,1699451826
MATIC,0.005574,146998.1,Hyperliquid,1699451826
DYDX,0.018963,68531.0,Hyperliquid,1699451826
SOL,0.006417,18453.63,Hyperliquid,1699451826
AVAX,0.001743,4674.01,Hyperliquid,1699451826
BNB,0.00354,362.563,Hyperliquid,1699451826
APE,0.014643,155155.3,Hyperliquid,1699451826
OP,0.002378,31010.4,Hyperliquid,1699451826
LTC,0.004535,181.55,Hyperliquid,1699451826
ARB,0.011636,671731.2,Hyperliquid,1699451826
DOGE,0.0123509999999999,1914974.0,Hyperliquid,1699451826
INJ,0.008443,8671.4,Hyperliquid,1699451826
SUI,0.00125,785140.9,Hyperliquid,1699451826
kPEPE,0.005473,71948661.0,Hyperliquid,1699451826
CRV,0.00125,201418.5,Hyperliquid,1699451826
LDO,0.005504,75930.4,Hyperliquid,1699451826
LINK,0.00125,27457.8,Hyperliquid,1699451826
STX,0.019033,282581.9,Hyperliquid,1699451826
RNDR,0.012333,33077.6,Hyperliquid,1699451826
CFX,0.010818,872420.0,Hyperliquid,1699451826
FTM,0.001471,456228.0,Hyperliquid,1699451826
GMX,0.00125,1200.79,Hyperliquid,1699451826
SNX,0.00125,33399.6,Hyperliquid,1699451826
XRP,0.009302,255509.0,Hyperliquid,1699451826
BCH,0.00125,197.682,Hyperliquid,1699451826
APT,0.00125,21002.47,Hyperliquid,1699451826
AAVE,0.00125,596.83,Hyperliquid,1699451826
COMP,0.006638,1135.49,Hyperliquid,1699451826
MKR,0.00125,156.0241,Hyperliquid,1699451826
WLD,0.007279,87503.2,Hyperliquid,1699451826
FXS,0.008201,7704.7,Hyperliquid,1699451826
HPOS,0.042483,387840.0,Hyperliquid,1699451826
RLB,0.0203549999999999,344451.0,Hyperliquid,1699451826
UNIBOT,-0.023902,993.763,Hyperliquid,1699451826
YGG,0.010767,99557.0,Hyperliquid,1699451826
TRX,0.00125,357685.0,Hyperliquid,1699451826
kSHIB,0.002274,2040595.0,Hyperliquid,1699451826
UNI,0.011297,28054.3,Hyperliquid,1699451826
SEI,0.004438,126615.0,Hyperliquid,1699451826
RUNE,0.003792,132766.1,Hyperliquid,1699451826
OX,-0.022582,2791360.0,Hyperliquid,1699451826
FRIEND,-0.03166,5314.1,Hyperliquid,1699451826
SHIA,-0.038087,112975.0,Hyperliquid,1699451826
CYBER,0.005825,4100.1,Hyperliquid,1699451826
ZRO,-0.0480699999999999,2214.2,Hyperliquid,1699451826
BLZ,0.011132,110311.0,Hyperliquid,1699451826
DOT,0.005952,20500.6,Hyperliquid,1699451826
BANANA,0.013988,1331.5,Hyperliquid,1699451826
TRB,-0.053853,1033.54,Hyperliquid,1699451826
FTT,0.001285,13304.1,Hyperliquid,1699451826
LOOM,0.00791,437820.0,Hyperliquid,1699451826
OGN,0.007482,33948.0,Hyperliquid,1699451826
RDNT,-0.019405,352730.0,Hyperliquid,1699451826
ARK,0.0040219999999999,12848.0,Hyperliquid,1699451826
BNT,0.008366,18467.0,Hyperliquid,1699451826
CANTO,0.0024749999999999,65921.0,Hyperliquid,1699451826
REQ,0.008808,59351.0,Hyperliquid,1699451826
BIGTIME,-0.002963,767925.0,Hyperliquid,1699451826
KAS,0.022174,549708.0,Hyperliquid,1699451826
ORBS,0.012159,361272.0,Hyperliquid,1699451826
BLUR,0.0045769999999999,116542.0,Hyperliquid,1699451826
TIA,0.011682,65150.3,Hyperliquid,1699451826
BSV,0.005595,224.89,Hyperliquid,1699451826
ADA,0.0055899999999999,489212.0,Hyperliquid,1699451826
TON,0.030012,113071.7,Hyperliquid,1699451826
MINA,0.0111379999999999,23324.0,Hyperliquid,1699451826
POLYX,0.010766,47706.0,Hyperliquid,1699451826
GAS,0.00125,1282.2,Hyperliquid,1699451826
PENDLE,0.011592,41400.0,Hyperliquid,1699451826
STG,0.020051,269192.0,Hyperliquid,1699451826
FET,0.00125,88237.0,Hyperliquid,1699451826
STRAX,0.00956,21511.0,Hyperliquid,1699451826
NEAR,0.00125,100775.2,Hyperliquid,1699451826
MEME,0.005227,1204139.0,Hyperliquid,1699451826
ORDI,0.0094209999999999,1601.3,Hyperliquid,1699451826
BTC,0.00486,34.44751,Hyperliquid,1699453013
ETH,0.003481,502.3328,Hyperliquid,1699453013
ATOM,0.006462,11534.4,Hyperliquid,1699453013
MATIC,0.0062749999999999,152947.7,Hyperliquid,1699453013
DYDX,0.020723,69281.5,Hyperliquid,1699453013
SOL,0.00621,18703.08,Hyperliquid,1699453013
AVAX,0.0041569999999999,4674.01,Hyperliquid,1699453013
BNB,0.005324,362.563,Hyperliquid,1699453013
APE,0.0181139999999999,155155.3,Hyperliquid,1699453013
OP,0.001918,31010.4,Hyperliquid,1699453013
LTC,0.004272,182.05,Hyperliquid,1699453013
ARB,0.014746,788640.0,Hyperliquid,1699453013
DOGE,0.013416,1914974.0,Hyperliquid,1699453013
INJ,0.008038,8595.1,Hyperliquid,1699453013
SUI,0.00125,791933.4,Hyperliquid,1699453013
kPEPE,0.007166,71948661.0,Hyperliquid,1699453013
CRV,0.00125,198068.1,Hyperliquid,1699453013
LDO,0.00511,75930.4,Hyperliquid,1699453013
LINK,0.00125,28451.5,Hyperliquid,1699453013
STX,0.018531,287581.9,Hyperliquid,1699453013
RNDR,0.01388,33077.6,Hyperliquid,1699453013
CFX,0.011729,872420.0,Hyperliquid,1699453013
FTM,0.004593,469542.0,Hyperliquid,1699453013
GMX,0.0019049999999999,1200.79,Hyperliquid,1699453013
SNX,0.002306,35364.4,Hyperliquid,1699453013
XRP,0.007808,255509.0,Hyperliquid,1699453013
BCH,0.00125,196.727,Hyperliquid,1699453013
APT,0.00125,36116.25,Hyperliquid,1699453013
AAVE,0.00125,596.83,Hyperliquid,1699453013
COMP,0.007655,1134.8,Hyperliquid,1699453013
MKR,0.00125,156.0241,Hyperliquid,1699453013
WLD,0.009592,87503.2,Hyperliquid,1699453013
FXS,0.008742,7695.4,Hyperliquid,1699453013
HPOS,0.027084,387840.0,Hyperliquid,1699453013
RLB,0.023377,344525.0,Hyperliquid,1699453013
UNIBOT,-0.008974,993.763,Hyperliquid,1699453013
YGG,0.011364,99557.0,Hyperliquid,1699453013
TRX,0.00125,357685.0,Hyperliquid,1699453013
kSHIB,0.004608,2040595.0,Hyperliquid,1699453013
UNI,0.0122829999999999,28054.3,Hyperliquid,1699453013
SEI,0.00125,126249.0,Hyperliquid,1699453013
RUNE,0.008957,132766.1,Hyperliquid,1699453013
OX,-0.079405,2791360.0,Hyperliquid,1699453013
FRIEND,-0.034643,5314.1,Hyperliquid,1699453013
SHIA,-0.046176,112975.0,Hyperliquid,1699453013
CYBER,0.003499,4100.1,Hyperliquid,1699453013
ZRO,-0.047437,2069.1,Hyperliquid,1699453013
BLZ,0.0126699999999999,110311.0,Hyperliquid,1699453013
DOT,0.008132,20495.6,Hyperliquid,1699453013
BANANA,0.003776,1331.6,Hyperliquid,1699453013
TRB,-0.042074,1051.16,Hyperliquid,1699453013
FTT,0.004749,11080.6,Hyperliquid,1699453013
LOOM,0.00655,437820.0,Hyperliquid,1699453013
OGN,0.008375,33948.0,Hyperliquid,1699453013
RDNT,-0.023919,352730.0,Hyperliquid,1699453013
ARK,0.005386,12848.0,Hyperliquid,1699453013
BNT,0.00912,18467.0,Hyperliquid,1699453013
CANTO,0.004714,68141.0,Hyperliquid,1699453013
REQ,0.012664,59351.0,Hyperliquid,1699453013
BIGTIME,-0.001887,767925.0,Hyperliquid,1699453013
KAS,0.016552,549708.0,Hyperliquid,1699453013
ORBS,0.01495,361272.0,Hyperliquid,1699453013
BLUR,0.00481,116542.0,Hyperliquid,1699453013
TIA,0.013826,76915.0,Hyperliquid,1699453013
BSV,0.008953,224.89,Hyperliquid,1699453013
ADA,0.006899,489212.0,Hyperliquid,1699453013
TON,0.035335,114212.6,Hyperliquid,1699453013
MINA,0.011829,23324.0,Hyperliquid,1699453013
POLYX,0.0113549999999999,47790.0,Hyperliquid,1699453013
GAS,0.001058,1362.9,Hyperliquid,1699453013
PENDLE,0.012594,41416.0,Hyperliquid,1699453013
STG,0.0206739999999999,269192.0,Hyperliquid,1699453013
FET,0.00125,91310.0,Hyperliquid,1699453013
STRAX,0.01337,21511.0,Hyperliquid,1699453013
NEAR,0.00125,88854.4,Hyperliquid,1699453013
MEME,0.004085,1286430.0,Hyperliquid,1699453013
ORDI,0.006572,1593.97,Hyperliquid,1699453013
BTC,0.004557,37.29971,Hyperliquid,1699453814
ETH,0.003427,513.9867,Hyperliquid,1699453814
ATOM,0.005418,11534.4,Hyperliquid,1699453814
MATIC,0.006939,147847.7,Hyperliquid,1699453814
DYDX,0.022171,69989.2,Hyperliquid,1699453814
SOL,0.0063849999999999,18687.56,Hyperliquid,1699453814
AVAX,0.004085,4674.01,Hyperliquid,1699453814
BNB,0.004805,362.563,Hyperliquid,1699453814
APE,0.016555,155155.3,Hyperliquid,1699453814
OP,0.001724,31010.4,Hyperliquid,1699453814
LTC,0.004515,182.77,Hyperliquid,1699453814
ARB,0.0148949999999999,704759.7,Hyperliquid,1699453814
DOGE,0.013317,1914974.0,Hyperliquid,1699453814
INJ,0.008572,8595.1,Hyperliquid,1699453814
SUI,0.00125,786640.9,Hyperliquid,1699453814
kPEPE,0.0077529999999999,71948661.0,Hyperliquid,1699453814
CRV,0.00125,198068.1,Hyperliquid,1699453814
LDO,0.005469,75930.4,Hyperliquid,1699453814
LINK,0.00125,28149.3,Hyperliquid,1699453814
STX,0.019729,287581.9,Hyperliquid,1699453814
RNDR,0.013374,33077.6,Hyperliquid,1699453814
CFX,0.012338,867875.0,Hyperliquid,1699453814
FTM,0.0036399999999999,435088.0,Hyperliquid,1699453814
GMX,0.002558,1200.79,Hyperliquid,1699453814
SNX,0.00125,35176.8,Hyperliquid,1699453814
XRP,0.008735,254303.0,Hyperliquid,1699453814
BCH,0.00125,196.727,Hyperliquid,1699453814
APT,0.00097,20974.61,Hyperliquid,1699453814
AAVE,0.00125,596.83,Hyperliquid,1699453814
COMP,0.008106,1134.8,Hyperliquid,1699453814
MKR,0.00125,156.0241,Hyperliquid,1699453814
WLD,0.010084,87503.2,Hyperliquid,1699453814
FXS,0.008758,7687.1,Hyperliquid,1699453814
HPOS,0.031461,387840.0,Hyperliquid,1699453814
RLB,0.022179,344453.0,Hyperliquid,1699453814
UNIBOT,-0.0146539999999999,983.979,Hyperliquid,1699453814
YGG,0.010788,99557.0,Hyperliquid,1699453814
TRX,0.00125,358062.0,Hyperliquid,1699453814
kSHIB,0.003554,2040595.0,Hyperliquid,1699453814
UNI,0.012039,27949.4,Hyperliquid,1699453814
SEI,0.001359,125956.0,Hyperliquid,1699453814
RUNE,0.00842,132760.2,Hyperliquid,1699453814
OX,-0.036467,2791360.0,Hyperliquid,1699453814
FRIEND,-0.033906,5314.1,Hyperliquid,1699453814
SHIA,-0.044544,112975.0,Hyperliquid,1699453814
CYBER,0.00445,4100.1,Hyperliquid,1699453814
ZRO,-0.043569,2102.5,Hyperliquid,1699453814
BLZ,0.013043,110311.0,Hyperliquid,1699453814
DOT,0.008027,20495.6,Hyperliquid,1699453814
BANANA,0.024462,1331.6,Hyperliquid,1699453814
TRB,-0.043156,1051.16,Hyperliquid,1699453814
FTT,0.00735,11080.6,Hyperliquid,1699453814
LOOM,0.007177,432962.0,Hyperliquid,1699453814
OGN,0.009725,33948.0,Hyperliquid,1699453814
RDNT,-0.022795,352730.0,Hyperliquid,1699453814
ARK,0.005482,12848.0,Hyperliquid,1699453814
BNT,0.0102659999999999,25579.0,Hyperliquid,1699453814
CANTO,0.004703,68141.0,Hyperliquid,1699453814
REQ,0.010723,59351.0,Hyperliquid,1699453814
BIGTIME,-0.003362,766280.0,Hyperliquid,1699453814
KAS,0.015487,549708.0,Hyperliquid,1699453814
ORBS,0.0138529999999999,361272.0,Hyperliquid,1699453814
BLUR,0.004888,116542.0,Hyperliquid,1699453814
TIA,0.014159,82452.1,Hyperliquid,1699453814
BSV,0.008766,224.89,Hyperliquid,1699453814
ADA,0.006043,486090.0,Hyperliquid,1699453814
TON,0.037537,114175.3,Hyperliquid,1699453814
MINA,0.012168,23324.0,Hyperliquid,1699453814
POLYX,0.011221,47790.0,Hyperliquid,1699453814
GAS,0.00125,1360.3,Hyperliquid,1699453814
PENDLE,0.012805,41452.0,Hyperliquid,1699453814
STG,0.020174,269165.0,Hyperliquid,1699453814
FET,0.00125,91442.0,Hyperliquid,1699453814
STRAX,0.013954,21511.0,Hyperliquid,1699453814
NEAR,-0.0001309999999999,88796.2,Hyperliquid,1699453814
MEME,0.00599,1286430.0,Hyperliquid,1699453814
ORDI,0.003574,1593.97,Hyperliquid,1699453814
BTC,0.005041,40.47003,Hyperliquid,1699454507
ETH,0.0033599999999999,503.8515,Hyperliquid,1699454507
ATOM,0.0051069999999999,10074.08,Hyperliquid,1699454507
MATIC,0.006956,147847.7,Hyperliquid,1699454507
DYDX,0.027076,129816.7,Hyperliquid,1699454507
SOL,0.0069679999999999,19644.12,Hyperliquid,1699454507
AVAX,0.004063,4674.01,Hyperliquid,1699454507
BNB,0.004322,362.563,Hyperliquid,1699454507
APE,0.016126,155155.3,Hyperliquid,1699454507
OP,0.001583,31010.4,Hyperliquid,1699454507
LTC,0.0045429999999999,182.51,Hyperliquid,1699454507
ARB,0.014183,672994.6,Hyperliquid,1699454507
DOGE,0.013258,1587031.0,Hyperliquid,1699454507
INJ,0.008323,8594.2,Hyperliquid,1699454507
SUI,0.00125,766976.9,Hyperliquid,1699454507
kPEPE,0.007861,71948661.0,Hyperliquid,1699454507
CRV,0.00125,198068.1,Hyperliquid,1699454507
LDO,0.005447,75930.4,Hyperliquid,1699454507
LINK,0.00125,28149.3,Hyperliquid,1699454507
STX,0.020302,287727.4,Hyperliquid,1699454507
RNDR,0.013529,32688.6,Hyperliquid,1699454507
CFX,0.012468,867875.0,Hyperliquid,1699454507
FTM,0.002529,435088.0,Hyperliquid,1699454507
GMX,0.002535,1200.79,Hyperliquid,1699454507
SNX,0.00125,35176.8,Hyperliquid,1699454507
XRP,0.008956,254419.0,Hyperliquid,1699454507
BCH,0.00125,196.727,Hyperliquid,1699454507
APT,0.00125,20974.61,Hyperliquid,1699454507
AAVE,0.00125,596.83,Hyperliquid,1699454507
COMP,0.00791,1134.8,Hyperliquid,1699454507
MKR,0.00125,156.0241,Hyperliquid,1699454507
WLD,0.010661,87503.2,Hyperliquid,1699454507
FXS,0.0089,7687.1,Hyperliquid,1699454507
HPOS,0.035134,387840.0,Hyperliquid,1699454507
RLB,0.02369,344453.0,Hyperliquid,1699454507
UNIBOT,-0.01688,983.979,Hyperliquid,1699454507
YGG,0.01109,99557.0,Hyperliquid,1699454507
TRX,0.00125,357967.0,Hyperliquid,1699454507
kSHIB,0.003178,2040595.0,Hyperliquid,1699454507
UNI,0.011754,27949.4,Hyperliquid,1699454507
SEI,0.00125,125888.0,Hyperliquid,1699454507
RUNE,0.007164,132760.2,Hyperliquid,1699454507
OX,-0.034656,2791360.0,Hyperliquid,1699454507
FRIEND,-0.033093,5314.0,Hyperliquid,1699454507
SHIA,-0.043371,112975.0,Hyperliquid,1699454507
CYBER,0.004373,4100.1,Hyperliquid,1699454507
ZRO,-0.04156,2102.5,Hyperliquid,1699454507
BLZ,0.0127789999999999,110311.0,Hyperliquid,1699454507
DOT,0.007447,20389.1,Hyperliquid,1699454507
BANANA,0.0303319999999999,1329.5,Hyperliquid,1699454507
TRB,-0.04441,1051.16,Hyperliquid,1699454507
FTT,0.006208,11080.6,Hyperliquid,1699454507
LOOM,0.006625,432962.0,Hyperliquid,1699454507
OGN,0.008425,33695.0,Hyperliquid,1699454507
RDNT,-0.02273,352297.0,Hyperliquid,1699454507
ARK,0.005363,12848.0,Hyperliquid,1699454507
BNT,0.010225,25406.0,Hyperliquid,1699454507
CANTO,0.004614,68210.0,Hyperliquid,1699454507
REQ,0.011916,59351.0,Hyperliquid,1699454507
BIGTIME,-0.003819,765512.0,Hyperliquid,1699454507
KAS,0.019289,549014.0,Hyperliquid,1699454507
ORBS,0.012734,361272.0,Hyperliquid,1699454507
BLUR,0.005193,116542.0,Hyperliquid,1699454507
TIA,0.0144179999999999,82164.5,Hyperliquid,1699454507
BSV,0.008551,224.89,Hyperliquid,1699454507
ADA,0.005631,486090.0,Hyperliquid,1699454507
TON,0.035776,114175.3,Hyperliquid,1699454507
MINA,0.012699,23324.0,Hyperliquid,1699454507
POLYX,0.010822,46629.0,Hyperliquid,1699454507
GAS,0.00125,1267.5,Hyperliquid,1699454507
PENDLE,0.011943,41452.0,Hyperliquid,1699454507
STG,0.020279,268887.0,Hyperliquid,1699454507
FET,0.00125,91582.0,Hyperliquid,1699454507
STRAX,0.013417,21511.0,Hyperliquid,1699454507
NEAR,-0.000739,88689.9,Hyperliquid,1699454507
MEME,0.005269,1314234.0,Hyperliquid,1699454507
ORDI,0.003618,1593.97,Hyperliquid,1699454507
BTC,0.005033,36.9907,Hyperliquid,1699455185
ETH,0.003383,503.916,Hyperliquid,1699455185
ATOM,0.004318000000000001,9609.56,Hyperliquid,1699455185
MATIC,0.006490000000000001,97847.7,Hyperliquid,1699455185
DYDX,0.030610000000000002,83856.3,Hyperliquid,1699455185
SOL,0.008176000000000001,19232.21,Hyperliquid,1699455185
AVAX,0.003848,4674.01,Hyperliquid,1699455185
BNB,0.004,362.563,Hyperliquid,1699455185
APE,0.016823,155155.3,Hyperliquid,1699455185
OP,0.001746,29960.4,Hyperliquid,1699455185
LTC,0.004507,182.73,Hyperliquid,1699455185
ARB,0.013276,672994.6,Hyperliquid,1699455185
DOGE,0.012955000000000001,1511639.0,Hyperliquid,1699455185
INJ,0.009229,7480.0,Hyperliquid,1699455185
SUI,0.00125,765456.9,Hyperliquid,1699455185
kPEPE,0.007593999999999999,71948661.0,Hyperliquid,1699455185
CRV,0.00125,198068.1,Hyperliquid,1699455185
LDO,0.005748,75930.4,Hyperliquid,1699455185
LINK,0.00125,28059.3,Hyperliquid,1699455185
STX,0.020971,287727.4,Hyperliquid,1699455185
RNDR,0.013679,32688.6,Hyperliquid,1699455185
CFX,0.012421,867875.0,Hyperliquid,1699455185
FTM,0.001996,435088.0,Hyperliquid,1699455185
GMX,0.0023499999999999997,1200.79,Hyperliquid,1699455185
SNX,0.00125,35176.8,Hyperliquid,1699455185
XRP,0.009265,254419.0,Hyperliquid,1699455185
BCH,0.00125,196.727,Hyperliquid,1699455185
APT,0.00125,20974.61,Hyperliquid,1699455185
AAVE,0.00125,596.83,Hyperliquid,1699455185
COMP,0.008033,1307.08,Hyperliquid,1699455185
MKR,0.00125,156.0241,Hyperliquid,1699455185
WLD,0.010785000000000001,87503.2,Hyperliquid,1699455185
FXS,0.008698,7687.1,Hyperliquid,1699455185
HPOS,0.035954,387840.0,Hyperliquid,1699455185
RLB,0.023004,335958.0,Hyperliquid,1699455185
UNIBOT,-0.014756,983.979,Hyperliquid,1699455185
YGG,0.011318,99557.0,Hyperliquid,1699455185
TRX,0.00125,358387.0,Hyperliquid,1699455185
kSHIB,0.0031010000000000005,2040595.0,Hyperliquid,1699455185
UNI,0.01175,27949.4,Hyperliquid,1699455185
SEI,0.0018700000000000001,126034.0,Hyperliquid,1699455185
RUNE,0.006156,132769.0,Hyperliquid,1699455185
OX,-0.035066,2791360.0,Hyperliquid,1699455185
FRIEND,-0.033021,5314.0,Hyperliquid,1699455185
SHIA,-0.043111000000000003,112975.0,Hyperliquid,1699455185
CYBER,0.004463,4100.1,Hyperliquid,1699455185
ZRO,-0.040184,2102.5,Hyperliquid,1699455185
BLZ,0.012765000000000002,110204.0,Hyperliquid,1699455185
DOT,0.007182999999999999,18232.9,Hyperliquid,1699455185
BANANA,0.029132,1329.5,Hyperliquid,1699455185
TRB,-0.044863,1051.01,Hyperliquid,1699455185
FTT,0.005697,11080.6,Hyperliquid,1699455185
LOOM,0.007435000000000001,432962.0,Hyperliquid,1699455185
OGN,0.007410999999999999,33267.0,Hyperliquid,1699455185
RDNT,-0.022823,352297.0,Hyperliquid,1699455185
ARK,0.004665,14287.0,Hyperliquid,1699455185
BNT,0.010294,25406.0,Hyperliquid,1699455185
CANTO,0.004811,68279.0,Hyperliquid,1699455185
REQ,0.012443,59351.0,Hyperliquid,1699455185
BIGTIME,-0.0039369999999999995,765512.0,Hyperliquid,1699455185
KAS,0.017585999999999997,549014.0,Hyperliquid,1699455185
ORBS,0.012988999999999999,361272.0,Hyperliquid,1699455185
BLUR,0.004991,115857.0,Hyperliquid,1699455185
TIA,0.014665,82164.5,Hyperliquid,1699455185
BSV,0.0076500000000000005,224.89,Hyperliquid,1699455185
ADA,0.005314,486090.0,Hyperliquid,1699455185
TON,0.030129,114165.3,Hyperliquid,1699455185
MINA,0.012740000000000001,23324.0,Hyperliquid,1699455185
POLYX,0.010861,46629.0,Hyperliquid,1699455185
GAS,0.00125,1276.0,Hyperliquid,1699455185
PENDLE,0.012116,41452.0,Hyperliquid,1699455185
STG,0.020743,268887.0,Hyperliquid,1699455185
FET,0.001655,91582.0,Hyperliquid,1699455185
STRAX,0.013187999999999998,21511.0,Hyperliquid,1699455185
NEAR,-0.000651,88743.5,Hyperliquid,1699455185
MEME,0.005113,1320562.0,Hyperliquid,1699455185
ORDI,0.003203,1190.32,Hyperliquid,1699455185
